,Date,Tweets
0,2021-12-31 10:36:24+00:00,"Support new artist, help us grow!! Shill the Shizzlebotz! 

 #nftshill #PolygonNFT #flashbots https://t.co/5SizQ7JDpe @opensea #openseaNFTâ›µ"
1,2021-12-27 18:37:50+00:00,"Support new artist, help us grow!! Shill the Shizzlebotz! 

 #nftshill #PolygonNFT #flashbots https://t.co/CFIaxgvJbK @opensea #openseaNFTâ›µ"
2,2021-12-26 06:41:29+00:00,"Support new artist, help us grow!! Shill the Shizzlebotz! 

 #nftshill #PolygonNFT #flashbots https://t.co/5SizQ7JDpe @opensea #openseaNFTâ›µ"
3,2021-12-18 16:36:53+00:00,"Support new artist, help us grow!! Shill the Shizzlebotz! 

 #nftshill #PolygonNFT #flashbots https://t.co/5SizQ7JDpe @opensea #openseaNFTâ›µ"
4,2021-12-13 15:11:25+00:00,"Tech blog article by @arpaofficial cryptographer Alex Su on miner extractable value (MEV) on L1 and L2, via economic incentives or cryptography such as MPC or ZKP ğŸ¤–

@EdenNetwork @Keeper_DAO @StarkWareLtd @arbitrum @chainlink @bertcmiller #flashbots

https://t.co/qrCFNFIABy"
5,2021-12-12 15:48:12+00:00,"COUNTDOWN to @IOSGVC's 8th #OldFriendsReunion
Stay tuned to the panel: New Layer, Same Old Problem: #MEV Prevention on Layer2's by
@uPeterKris-@MangataFinance
@thegostep-#Flashbots
@deligong- @AutomataNetwork
@abandeali1-@0xproject&amp; @matchaxyz
@fleupold_-@MEVprotection&amp; @gnosisPM https://t.co/bAm5r02zNn"
6,2021-12-10 14:53:54+00:00,"MEV is a rabbit hole very much worth going down into!
Check out our most popular video from the creators of #flashbots:

""How to make $1m per month as a #Solidity developer"" 
 
ğŸ‘¨â€ğŸ« by @thegostep &amp; @bertcmiller
link ğŸ‘‡ https://t.co/shpLZIrTRb"
7,2021-12-07 06:13:02+00:00,"The fact that #Evmos is built on the @cosmossdk is ğŸ”¥ 

âœ… IBC allows blockchain interoperability, by default

âœ… Shared security to bootstrap network consensus

âœ… Instant finality (!)

ğŸ¥´ New MEV opportunities; where are the #flashbots people at? @bertcmiller @ExoticMev"
8,2021-12-01 06:17:19+00:00,"#ScalingSummit Look who's also here
ğŸ¤@hkalodner -@arbitrum 
ğŸ¤@Jihoz_Axie -@AxieInfinity 
ğŸ¤@jaosef -@aztecnetwork 
ğŸ¤@uPeterKris -@MangataFinance
ğŸ¤@ranyi1115 -@WOOnetwork 
ğŸ¤@0xferg -@Immutable
ğŸ¤@robert_lauko -@LiquityProtocol 
ğŸ¤@RuneKek -@MakerDAO 
ğŸ¤@thegostep -#Flashbots https://t.co/YbrMxa2dSy"
9,2021-11-30 18:25:48+00:00,"ğŸ‰ We sat down with Protocol Specialist @viktorbunin to discuss todayâ€™s launch of the #Flashbots Eth2 Working Group, Bison Trailsâ€™ role as a founding member, and what it means for the development of the eth2 ecosystem: https://t.co/LYNyITLeOW"
10,2021-11-30 17:29:03+00:00,"very proud to be a part of the Flashbots Working Group on ETH2 PoS MEV solutions.

We have always been supportive from the @f2pool_official side for PoW

Naturally, supportive on the @stakefish side for PoS 

congrats to the #flashbots team! https://t.co/OxbwPizxvZ"
11,2021-11-26 06:33:57+00:00,"Be careful with relying on EOA checks. #Flashbots offers extra features that might violate traditional assumptions, e.g. an earlier tx can be reverted based on the outcome of a subsequent one."
12,2021-11-17 13:07:49+00:00,#DeFi isn't just memes. AMM pools &gt; order books. #flashbots &gt; opaque predatory HFT. Algo stables &gt; pseudo-IOUs issued by shady actors. These are real gains in efficiency and transparency. First movers in the space are gm.
13,2021-11-12 12:35:25+00:00,"Today we updated #Bowswap ğŸ¹ğŸ¯ !
- a frequently requested FAQ â“ğŸ“ƒ
- some info about MEV Protection #flashbots ğŸ¤–ğŸ›¡
- a donation feature if you want to support the team ğŸª™ğŸ™

â–¸ https://t.co/gaNJ0FEJJj ğŸ¹â™»ï¸ https://t.co/UaCNZdCuFL"
14,2021-11-11 02:48:19+00:00,"Hey, I'm very sorry this happened to you. Bot operators can see your bid in the mempool and frontrun you. You can protect your bids in the future by using #Flashbots Protect API: https://t.co/Inh9nk1GvP https://t.co/J0B0NW2vAa"
15,2021-11-09 17:12:09+00:00,"As promised here's part 2 of my conversation with @phildaian where we talk about the DAO of 2016, the boyish charm of @el33th4xor and the fascinating work Phil is doing with #Flashbots https://t.co/jpjXuC6279"
16,2021-11-09 06:46:24+00:00,"3/  Only 2 MEV #flashbots are presently capable of JIT attacks.  Over &gt;$1M USD in profits have been gathered by JIT bots, to the detriment of frontrun non-sophisticated @uniswap v3 LPs.  @bertcmiller @phildaian https://t.co/I5RDtC1Wnn"
17,2021-11-02 20:37:20+00:00,(2/2) ğŸ‘†ğŸ‘†ğŸ‘†ğŸ‘† #Alchemist #BCLeaks #ChicoCrypto #Uniswap #MistX #Flashbots $mist $uni @_alchemistcoin @thegostep https://t.co/ERYRC5tLc2
18,2021-11-02 20:36:43+00:00,(1/2) #Alchemist might just be the most undervalued coin in all of crypto! Hear #BCLeaks contributor #ChicoCrypto thoughts on why and how #Uniswap plans to fully integrate the technology with #MistX &amp; #Flashbots Watch the whole video ğŸ‘‰ https://t.co/4USzlC96a8 $mist $uni https://t.co/0pO4CSpbNy
19,2021-11-02 03:10:02+00:00,"She shall protecc me from the Dark Forest
@mistXlabs @chroma_creativ @EtherGals 
#ethergals #flashbots #protecc https://t.co/EMeiQ7gljs"
20,2021-10-31 21:43:00+00:00,"My frens, my artwork has been minted on the @EtherGals site and on auction for the next 24hours! The inspiration for this Gal came from #flashbots project! Place your bids for this one off EtherGal. Thanks! 
#ethergal #nftart #nftartwork #nfts 
#protec 

https://t.co/wkOQ4w3C61"
21,2021-10-29 18:44:19+00:00,huge thanks to @bertcmiller of #flashbots for jumping on the phone with me last night to explain this fascinating story https://t.co/OoCfKZienh
22,2021-10-26 17:16:27+00:00,"Me trying to explain to a lawyer what it's like to work at (work with? work on?) flashbots:

#flashbots is a sandbox MMO... https://t.co/mN4CBOAjLB"
23,2021-10-25 23:58:57+00:00,"My frens! If you hold an @EtherGals please show my Flashbots Gal some love for the Halloween Art competition they are having in their discord! We are trying to make the top 10! in the #votes channel you can vote for your favorites. ğŸ™ğŸ™ğŸ™
#nftart #artist #flashbots #nftcollector https://t.co/Hd4gZPtyGa"
24,2021-10-21 18:54:27+00:00,We party LIVE from Stockholm in 30 minutesğŸ‘‰ https://t.co/AlcVxpBCki ğŸ‘ˆ The Crucible Sessions feat @gibrichâš—ï¸starts at 7:30pm UTC sharp $mist #crucible #copper #mistX #flashbots #poap https://t.co/5BSIWQx0q2
25,2021-10-20 20:55:57+00:00,"Broadcasting live from Stockholm ğŸ‡¸ğŸ‡ª Tomorrow, Oct 21 ğŸ”Š 7:30 - 8:30 UTC | 3:30 - 4:30 EST ğŸ‘‰ https://t.co/AlcVxpBCki ğŸ‘ˆ Alchemist Radio Thursdays - The Crucible Sessions âš—ï¸ $mist #mistX #crucible #copper #samiches #flashbots #POAP https://t.co/xSy0gNYG3m"
26,2021-10-19 21:04:04+00:00,Party Time ğŸš¨ We are going LIVE with host DJ @gibrich ğŸ‡¸ğŸ‡ª for this Thursday's The Crucible Sessions &amp; POAP drop âš—ï¸Oct 21 â€¢ 7:30 - 8:30pm UTC | 3:30 - 4:30 EST âš—ï¸$mist #crucible #copper #mistX #samiches #flashbots #POAP ğŸ‘‰ https://t.co/bDxQUIHL7t https://t.co/SFR756jz1o
27,2021-10-18 11:49:49+00:00,"Good to see more YTers covering the crucial topic of #MEV .. @mistXlabs X #flashbots âš—ï¸ X âš¡ï¸ğŸ¤– = ğŸš€ $mist

https://t.co/2ReWCjkt1n"
28,2021-10-17 04:19:51+00:00,We never sleepâš—ï¸House music all night longğŸ”ŠğŸ”Šwith @PPIZZ ğŸš¨ LVE right now ğŸ‘‰https://t.co/iTpt5JOfJt ğŸ‘ˆ $mist #mist #crucible #copper #samiches #flashbots #twitch https://t.co/a4akEJK8Ab
29,2021-10-16 21:13:42+00:00,"Gonna be going live tonight on Twitch, not sure exactly what time yet but probably like 9-930pm Central Time until whenever, but definitely gonna be a marathon tonight! Come listen to the fun sounds of house music by PPIZZ! https://t.co/ttmjcrk0PH #alchemist #mist #mev #flashbots"
30,2021-10-14 20:08:14+00:00,@churchee eclectic mixtape &amp; fireside chat starts at 9:30PM UTC / 5:30PM EST sharp ğŸ‘€POAP drop badge#: V1 - 04 - one hour only to claimğŸ‘‰https://t.co/6jF3ylPk6G ğŸ‘ˆbe prepared first with instructions inside our #alchemedia channel  $mist #crucible #copper #MistX #flashbots #POAP https://t.co/olIYwYrMx6
31,2021-10-12 17:39:25+00:00,"brainstorming the future of #flashbots
in the metaverseâš¡ğŸ¤–ğŸ§  https://t.co/4O0hdDeujO"
32,2021-10-12 13:51:19+00:00,"#Flashbots Protect - å’Œ@_alchemistcoin @mistXlabs å…±åŒåˆ›ä½œ

$mist âš—ï¸ https://t.co/4WZ8qe3ImB"
33,2021-10-12 13:14:32+00:00,"ğŸ‘€ğŸ‘€ğŸ‘€ğŸ‘€ 

$mist âš—ï¸ @_alchemistcoin @mistXlabs  #flashbots 

@CopperLaunch @CrucibleNFT @sandwichedwtf @_alchemistradio #NFTs #Blockchain https://t.co/ZTS0SKxfT2"
34,2021-10-11 15:43:16+00:00,"#Flashbots Protect - in collaboration with @_alchemistcoin @mistXlabs 

$mist âš—ï¸ #NFT #Blockchain

https://t.co/qz3gHRVMCy https://t.co/aHUJylxJOB"
35,2021-10-11 15:38:57+00:00,The many hidden secrets inside https://t.co/BmjQ44OFDi ğŸ‘€ ğŸ‘‰ CTRL + Q ğŸ‘ˆ  âš—ï¸ $mist #crucible $mistX #copper #samiches #flashbots https://t.co/4pVaxdqD3m
36,2021-10-10 18:10:36+00:00,"Testing the wrapper interface: Unwrapping all $AMPL

Added fun: Through #FlashbotsğŸ˜ https://t.co/RsE7WL6YUs"
37,2021-10-10 11:57:41+00:00,"I don't know who made this but funniest isht ever

$MIST @_alchemistcoin @thegostep @LeaksBlockchain #flashbots https://t.co/nIIen2qtue"
38,2021-10-10 04:57:40+00:00,Great improvement on UX $mist âš—ï¸ @_alchemistcoin @mistXlabs #flashbots https://t.co/J3NmMGYpNl
39,2021-10-09 14:28:30+00:00,We proudly announce @87Fantom as an official DJ Host on Alchemist Radio. Stay tuned âš—ï¸ $mist $mistX #crucible #copper #flashbots tune in here ğŸ‘‰ https://t.co/6jF3ylPk6G https://t.co/DJeaHZVIio
40,2021-10-07 19:11:48+00:00,@TaquainTQ2's new tracks plays exactly at 9PM UTC / 5PM EST sharpâš—ï¸His POAP drop is badge#: V1 - 03 claim here ğŸ‘‰ https://t.co/6jF3ylPk6G be sure to set yourself up first with instructions inside our #alchemedia channel  $mist #crucible #copper #MistX #flashbots #POAP #NewMusic https://t.co/62pqUZ3HdH
41,2021-10-07 15:18:31+00:00,Huge thanks to #flashbots team and @mistXlabs because there was a ton of frontrunning for the $KST token sale but they didn't get me ğŸ˜ ğŸ”® https://t.co/36RPbCt0hg
42,2021-10-07 12:43:17+00:00,"Music producers, djs &amp; artistsâš—ï¸we're hosting an AMA with @TaquainTQ2 as we discuss the creative process from inception to final release of his work ğŸ‘‰ https://t.co/6jF3ylPk6G today ğŸ‘€ 9pm UTC - 5pm EST sharp $mist #crucible #mistX #copper #flashbots #POAP https://t.co/rL9JBaxxeE"
43,2021-10-07 12:24:06+00:00,The adoption is real. #flashbots $mist ğŸ‘€âš—ï¸ https://t.co/Nwy9EkoByg
44,2021-10-07 01:43:11+00:00,"$mist âš—ï¸ @_alchemistcoin ğŸ¤ #flashbots ğŸ¤–ğŸ¤ $yfi @iearnfinance 

#alliance #DeFi #Blockchain #Crypto https://t.co/jDLzx0tbJj"
45,2021-10-06 20:49:40+00:00,ohmmmmmmmmist âš—ï¸ There's party going on right now. Join us ğŸ‘‰ https://t.co/EShnLvWlSw $mist $ohm #crucible #ohmies @OlympusDAO #mistX #copper #crucible #flashbots https://t.co/o1nyezIm2n
46,2021-10-06 18:51:49+00:00,@mistXlabs @CrucibleNFT @CopperLaunch @_alchemistcoin all delivering the goods. The future of France is real $mist #Flashbots $Ohm #FairLaunch https://t.co/HCSzPGMSet
47,2021-10-06 14:18:33+00:00,The sound of progress âš—ï¸ $mist $mistX #crucible #copper #flashbots #samiches #AlchemistRadio https://t.co/mAls97EqLE
48,2021-10-06 14:00:00+00:00,"What are MEV attacks and where do front runners go in a 'dark forrest'? Read our new article: https://t.co/uJr5npHLbs

#DeFi #security #audit #frontrun  #mev #flashbots"
49,2021-10-06 13:56:45+00:00,"Get priority and frontrunning protection on any transaction.

The only RPC you should be using to swap or mint NFTs.

Checkout this thread on how to add the Flashbots Protect RPC to MetaMask.

$MIST #Flashbots @MetaMask https://t.co/IkwzADey1b"
50,2021-10-06 13:32:39+00:00,"Amazing tool by Flashbots
Kudos to @bertcmiller and the #flashbots team.

https://t.co/21yldSMnOC"
51,2021-10-02 16:07:24+00:00,"@thegostep When address is continually being exploited by #frontrunners
I can send a message that says:

â€œDude! Or Dudette!
Have you not heard of
#frontrunprotection!!?? 
#Flashbots
@_alchemistcoin 

For your own benefit, get cash back!! ğŸ¤‘
PLEASE TRADE USING:
https://t.co/Thut7W5IU7"
52,2021-09-30 20:43:26+00:00,(3/3) @Uniswap @_alchemistcoin #BCLeaks #ChicoCrypto #Flashbots #uniswap $mist $uni #mistx @thegostep @_mistX_ https://t.co/oy43T6Csr7
53,2021-09-30 13:03:49+00:00,"As predicted last night: the top pool has just absorbed &gt;3% (&amp; growing) nethash from pool shutdowns on $ETH

It offers $MATIC based payouts w/ 0 fees, at very low thresholds, to ALL miners (even the ones who don't know how to program #flashbots)

#BusinessAsUsual #ChinaFUD https://t.co/X6hVHYENnM"
54,2021-09-23 23:45:51+00:00,"ğŸ— Check out the latest article from @BW with @k06a's exclusive commentaries about #Flashbots and fighting with front-runners!

#1inch  #DeFi https://t.co/8Ha2KxCLet"
55,2021-09-15 17:51:47+00:00,"The âš¡ lightning talks from  #flashbots mates beats @Official_GDC or @TEDTalks

@epheph on NES Ethereum Security, running through epic ACE in games...ğŸ‘¾ğŸ•¹ï¸ğŸ® https://t.co/1dw3Fx7gkH"
56,2021-09-14 20:06:33+00:00,".@openmev Top7 #mev #flashbots searchers 
1. symbolic capital 
2. Jane Street @JaneStreetGroup 
3. D.E. Shaw @DEShawGroup 
4. Blackrock @blackrock
5. CMS @cmsintern 
6. vm capital
7. jump trading @jumptrading 
#ethereum #cryptocurrecy"
57,2021-09-14 17:19:37+00:00,"Me and the robot assembled by the #flashbots team had opposite sunrise experiences. I woke up at 4am, looking west, and supporting the fixing of the errors of my past coding. The robot was looking east, into the bright future of #flashbots, @nethermindeth and Ethereum. https://t.co/BNGwVcZOeG"
58,2021-09-13 12:32:31+00:00,gm #flashbots and all https://t.co/Ej7AZaET0i
59,2021-09-13 12:28:19+00:00,"shadowy super-runners thru the dark forest ğŸï¸

gm #flashbots âš¡ğŸ¤– https://t.co/qZvAurmGSI"
60,2021-09-13 11:57:11+00:00,"Do you know that you can send MEV bundles on xDai toâ¡ï¸ https://t.co/jcblvUQeWH just like you would on ETH toâ¡ï¸ https://t.co/7e0MF87bsN?

More about #flashbots and #MEV on xDai can be found hereğŸ‘‡
https://t.co/g43foWvPsJ https://t.co/0yaRPUHpgW"
61,2021-09-11 13:30:06+00:00,Party time in 1.5 hours (11:00 EST / 15:00 UTC) âš—ï¸ COPPER X CybertoothKat Radio JamğŸ‘‰https://t.co/wfwbjPYNmIğŸ‘ˆ $Mist #Copper #crucible #MistX #Samiches #Flashbots #FairLaunch #AlchemistRadio #POAP #NFTGiveaway https://t.co/80mC7ENZfB
62,2021-09-09 22:56:03+00:00,Work in progress âš—ï¸$MIST @_alchemistcoin @_mistX_ @LeaksBlockchain @Uniswap #flashbots https://t.co/JA2N7E1iBU
63,2021-09-09 18:40:20+00:00,@stonecoldpat0 @ObadiaAlex @ObadiaAlex remember when you thought this #flashbots cover art... was too direct?ğŸ˜
64,2021-09-07 19:35:10+00:00,Probably nothing to see here ğŸ‘€ğŸ‘€ğŸ‘€@_alchemistcoin @LeaksBlockchain @Uniswap #flashbots $MIST https://t.co/NPviodSrXn
65,2021-09-05 17:27:27+00:00,"Tech Stack: 
&gt;&gt; @AlchemyPlatform or @infura_io to access nodes
&gt;&gt; ethers.js to interact with the chain
&gt;&gt; #Flashbots to create and submit transactions

Tutorial: 
https://t.co/fUjyektG5O

FakeArtMinter: https://t.co/sH5PXVpiEJ"
66,2021-09-05 17:27:26+00:00,"Wrote a bot this weekend to mint NFTs programmatically on Ethereum. Can assure you that using #Flashbots is the neatest way to go about it. ğŸ¤–

Huge thank you to @epheph for releasing an awesome tutorial walking through it step-by-step. 

Wanna see it in action? Learn more? ğŸ‘‡ https://t.co/dbb3PLIa7O"
67,2021-09-05 04:47:14+00:00,"#NFT with #flashbots by @epheph 
https://t.co/AbERGoeedz"
68,2021-09-03 16:58:31+00:00,"Many âš¡ğŸ¤– crew started their #flashbots journey at some point from: ""i was bored..."" https://t.co/B702X5my8a"
69,2021-08-30 16:15:00+00:00,"Absolute pleasure to have @hudsonjameson join #flashbots. His talent for people, honesty, skills and talents made a lot of fantastic devs and researchers stick with the Ethereum community whatever happens. https://t.co/06HukXNKsa"
70,2021-08-29 12:09:30+00:00,GrooveStock starts in 1 hour from now âš—ï¸ 13 UTC â€¢ Drop by and collab â€¢ Get your our first collectible POAP ğŸ‘€ $mist #copper $mistX #crucible #samiches #POAP #groovybot #flashbots inside r#radiohotline @ https://t.co/rnIZTjkv5j https://t.co/YlCwi8ZQLG
71,2021-08-28 15:30:45+00:00,"ğŸ‘€$ampl rebased through #flashbots EPOCH 791

https://t.co/7TXZkGbpHz. https://t.co/DVi8zwAoRP"
72,2021-08-27 23:26:57+00:00,"GrooveStock âš—ï¸ Alchemist Radio's farewell to @groovybot party Sunday, August 29, 2021 
UTC 1pm - 7pm. Stop by &amp; get a collectible POAP ğŸ‘€ C U there $mist $copper $mistX #crucible #samiches #groovybot #alchemistradio #flashbots https://t.co/xVKIB8fMml"
73,2021-08-27 19:20:12+00:00,"The @golang  #flashbots/@Flashbots library is now listed in the flashbot docs...
https://t.co/IszqCUECLk"
74,2021-08-17 15:50:11+00:00,If you can handle me talking for an hour about #flashbots Pooja invited me to provide an intro summary of everything that is important in MEV nowadays. https://t.co/m9Mdp8i37m
75,2021-08-16 08:52:39+00:00,@nicksdjohnson @darkforest_eth Now combine it with the incoming #flashbots xDAI MEV. @kristofgazso @ObadiaAlex
76,2021-08-14 05:28:52+00:00,@genie_xyz launch for normies is what will bring floor #Punks to $1MM. Collaboration with #FlashBots is going to supercharge this. The big players all know how to use MEV to their advantage and this is going to be a key tool in a world with this much NFT secondary trading https://t.co/VOta1b2rcf
77,2021-08-10 18:06:52+00:00,Join #flashbots https://t.co/wdK3PL6onL
78,2021-08-08 11:59:41+00:00,"@gubsheep #flashbots and @nethermindeth cooperation delivers MEV on xDAI soon. A first test bundle landed on chain a few days ago and we will prepare a more official info soon. Thanks to @URozmej, @kristofgazso, @epheph, @matilote, Swaraj and co."
79,2021-08-06 15:02:18+00:00,ğŸ‘€ ğŸœ  ğŸœ¡ ğŸœ¢ ğŸœ£ ... this is a test of the Alchemist Radio broadcast system ... this is only a test ğŸœ£ ğŸœ¢ ğŸœ¡ ğŸœ  $mist #mistX #crucible #copper #flashbots #samiches âš—ï¸ https://t.co/rnIZTjkv5j ğŸ“¡ğŸ”Š@gibrich https://t.co/GzTLhfPMSO
80,2021-08-05 01:44:23+00:00,"We are ready for London! As #Ethereum miners in the f2pool family, you do not need to do anything specifically for the upgrade, weâ€™ve got our node and #Flashbots MEV ready to guarantee your income. Happy mining! https://t.co/9WFHE7QSGI https://t.co/WamnZ8TGg2"
81,2021-08-03 13:37:55+00:00,"How do you say Crucible âš—ï¸ in Spanish, Russian, Chinese, French, Korean, Arabic, Portuguese and more? That global sound of summer is now streaming on https://t.co/rnIZTjkv5j $mist #mistX #crucible #flashbots #MEV #copper art: @djmickluvin https://t.co/k2JgKPr85G"
82,2021-07-27 19:10:05+00:00,"He is searching with âš¡ï¸ğŸ¤–, are you? #flashbots https://t.co/j1Izhqf6UZ"
83,2021-07-26 18:30:54+00:00,#Flashbots âš¡ï¸ğŸ¤– https://t.co/cfJqepAMUE
84,2021-07-25 18:01:42+00:00,"I would pay attention when @paradigm 

Is putting out research pieces on @_alchemistcoin 

And how it's exchange layer #mistX uses #flashbots
https://t.co/D74ahGpg21"
85,2021-07-25 15:43:45+00:00,"If you want to build a bot to be rewarded for helping to distribute xWILD staking fee, we've put together a starting point:

https://t.co/Tbndgaz3Eu

#mev #flashbots @bertcmiller"
86,2021-07-23 04:25:03+00:00,"Strikeforce TGS  â– âš¡ï¸ğŸ¤–âš—ï¸
$mist #Flashbots https://t.co/s6vARsX4to"
87,2021-07-21 20:54:11+00:00,(2/2) @_alchemistcoin $mist #flashbots https://t.co/K0PYw8LV8w
88,2021-07-21 18:50:49+00:00,"Thanks for the shoutout @mevintern ! ğŸ™ŒğŸ™

Sending bundles to #flashbots but not bloXroute?
I guess you don't care you're bundles are mined in the next block ğŸ¤·â€â™‚ï¸ https://t.co/ScH1ftUWJ5"
89,2021-07-19 16:53:03+00:00,"ğŸ‘‹'MEV &amp; EIP-1559' paper is out. Kudos to @kristofgazso &amp; @fiiiu_. #Nethermind #FlashbotsğŸ™Œ

The paper:
- analyses the effects of EIP-1559 on MEV extraction
- evaluates Tim Roughgardenâ€™s analysis of EIP-1559
- discusses the ethics of the Flashbots project
https://t.co/Mbl31puXra"
90,2021-07-14 14:22:51+00:00,"No dejen de ver esto.

Hilo con link al vÃ­deo de ayer + links sobre #darkforest #mev #flashbots y soluciÃ³n posible proposer / constructores de bloques por Vitalik ğŸ¤–âš¡

Es un placer y un aprendizaje constante trabajar en @DeFi_LATAM https://t.co/CxJPv6bSSi"
91,2021-07-14 08:52:51+00:00,@_alchemistcoin @sandwichedwtf #mist #mistx #flashbots #sandwiched #alchemist #âš— https://t.co/9JS8zPot0G https://t.co/AT2UDhri6o
92,2021-07-13 22:57:19+00:00,"Fua Sandra... despuÃ©s de este evento de @DeFi_LATAM no sÃ© que vamos a hacer en agosto.

AltÃ­simo nivel de #mev y #flashbots

Solo nos queda invitar a @ChrisBlec y ponerlo a pelear con @inaltswetrust"
93,2021-07-13 19:09:16+00:00,"Just saw this, dunno why my eyes are tearing up. ğŸ¤

Everyone in the #Flashbots community has their own journey. This reminded me of how and why the first few of us got together, now almost 1 year ago. https://t.co/iLg5fJVxPy https://t.co/B4JyOSrec6"
94,2021-07-12 13:28:21+00:00,"Alchemists in training are artists, DJs and musicians too ğŸ‘€ From the humble origins of rock to the personal creations of our community members our Top 50 Radio Chart of the Week is now streaming on https://t.co/1jY2cAL5CI âš—ï¸ $mist #mistX #crucible #copper #samiches #flashbots https://t.co/XUlMrzttOD"
95,2021-07-11 10:14:38+00:00,"Nowadays we work with some great partners and researchers from @xdaichain , @StarkWareLtd , @OilerNetwork , @energywebx , #flashbots and many other fantastic teams."
96,2021-07-10 14:18:08+00:00,"3) #Flashbots a community-driven project has garnered attention for spearheading research in exposing, tackling and redistributing MEV.

However, Flashbots makes design choices which have their own pros and cons, proponents and opponents and is but one in a spectrum of solutions."
97,2021-07-09 20:49:07+00:00,"Holis. El martes 13 vayan al evento de #flashbots ğŸ¤–âš¡ de @DeFi_LATAM

InscripciÃ³n: https://t.co/AAkoHyNKwd

Va a estar @martriay y @fiiiu_ moderados por @Luciano_vPEPO hablando sobre #MEV, #flashbots y #darkforest

Foto random para el algoritmo lol https://t.co/TMGyqymg2D"
98,2021-07-09 13:16:29+00:00,"ğŸ‘#flashbots ğŸ‘ is ğŸ‘ a ğŸ‘ collective ğŸ‘

Every âš¡ğŸ¤– is free to express his/her own views on social media, and open source whatever they want on their own GitHub.

Sorry to disappoint, at #flashbots we don't censor. https://t.co/nY4wjY76SD"
99,2021-07-09 13:06:33+00:00,"Back online today, cutting vacation short.

DMs open, AMA on #Flashbots the hacker collective. https://t.co/IKencIy23G"
100,2021-07-05 21:47:47+00:00,"Just got the GSN demo dapp to send an ETH-less transaction bundle via #Flashbots. #MEV can save gas AND be good for user experience!
https://t.co/1ORZLwMgfE"
101,2021-07-03 13:40:17+00:00,Now PlayingğŸ“¡NASA's Golden Record on Voyager 1 âš—ï¸on ALCHEMIST RADIO https://t.co/gaO2vJHlzk Subscribe for special announcements under the #radio-subscribe tab. $mist #mistx #crucible #copper #flashbots #alchemistradio https://t.co/mmMgAhlVWg
102,2021-07-02 14:08:57+00:00,ALCHEMIST RADIO is on Spotify âš—ï¸  https://t.co/DqBaFVgfxO thanks @Churchee_ Join @djmickluvin and I live ON AIR on Discord around 3 UTC / 11 EST $mist #alchemistcoin #alchemistradio #flashbots #mistx #copper https://t.co/SjXiqrchu7
103,2021-07-01 16:13:05+00:00,currently listening to the @ETHGlobal https://t.co/lk14BJoeA8 Summit &amp; the #flashbots team talking about #MEV and the flashbots solution...Hard to not be bullish on $eth and $mist ğŸš€
104,2021-06-30 23:44:01+00:00,"@danielesesta @Uniswap @EthCC Here's that recording - link will take you to 1:01 mark where @danielesesta picks back up https://t.co/7iSRpIhFAE

Mentions @_alchemistcoin #flashbots as well as @MIM_Spell"
105,2021-06-29 18:44:57+00:00,"âš½ï¸ or ğŸŸ£? Well, @FloatProtocol just scored.

In 150 blocks:
ğŸ“ˆBoosted the basket by 5% (+100 ETH)
ğŸŸ£144k new FLOAT
âš¡ï¸3 @dydxprotocol flash loans
ğŸ’°1.1% pure profit for the Protocol (ğŸ”¼basket factor)
ğŸ¤–How? #flashbots #MEV via our Dutch Auctions https://t.co/rWNanmIJus"
106,2021-06-25 18:27:08+00:00,"EGL is a first-of-its-kind token to solve a shortcoming in ETH's design *without changing its protocol*
It is not perfect - but improves greatly over the status quo

At that, it follows #flashbots footsteps in aligning everyones' incentives for the benefit of the ETH ecosystem"
107,2021-06-25 18:21:55+00:00,EGL follows in the footsteps of #Flashbots by tackling protocol-level attributes without requiring a hard fork. It is a community-led effort focused on solving incentive misalignment &amp; lack of transparency between the ETH community and miners.
108,2021-06-25 05:56:00+00:00,"Landing page update for https://t.co/uXbBZxb7xG 
Dat new new. #mistX #Flashbots $mist âš—ï¸

What do we think? https://t.co/BfHMrCi4cl"
109,2021-06-23 06:01:13+00:00,"å¿«åˆ°https://t.co/k79Ay57DQH çœ‹çœ‹æ‚¨è¿‡å»å› ä¸ºè¢«æœºå™¨äººğŸ¥ªä¸‰æ˜æ²»æ”»å‡»ğŸ¥ªè€ŒæŸå¤±è¿‡å¤šå°‘ï¼

ç”¨https://t.co/uXbBZxb7xG èƒ½å¤Ÿä¿æŠ¤æ‚¨çš„äº¤æ˜“ä¸ä¼šå› ç‚ºæœºå™¨äººæŠ¢è·‘è¢«æŠ¬é«˜åƒ¹æ ¼ã€‚å–æ¶ˆäº¤æ˜“0è´¹ç”¨ï¼Œä¸æˆåŠŸï¼Œä¸æ”¶è´¹ï¼Œè®©æ‚¨äº¤æ˜“æ— å¿§ï¼

åŠ å…¥æˆ‘ä»¬çš„ Discordï¼š
https://t.co/NKm1fC1ybU

$mist âš—ï¸ #mistX #MEV #Flashbots https://t.co/eUyoVr7wnS"
110,2021-06-23 03:19:53+00:00,"What every trader should know about MEV - the MEV crisis explained

https://t.co/2kgSxYirgU 

#mistX #defi #MEV #Flashbots"
111,2021-06-22 16:32:55+00:00,"Going to @EthCC this year?

Join our side event dedicated to #Eth2 and staking on Tuesday 20th, with exceptional guests such as @_vshapovalov from @LidoFinance, @tkstanczak from #flashbots, @m_rtimr from @SkillZBlock!
 
Register here:
https://t.co/vleuz7hwRV"
112,2021-06-19 14:18:31+00:00,"Trade using https://t.co/uXbBZxb7xG and the power of Flashbots.

https://t.co/mDHT8i4iWL

#mistX #defi #dex #Flashbots"
113,2021-06-18 18:11:59+00:00,"This week in on-chain metrics: decentralized infrastructure is on fire â¤ï¸â€ğŸ”¥

ğŸ“ˆ @Helium Network Size Up 15x YoY
ğŸ“ˆ ~85% Of ETH Hashpower On #Flashbots
ğŸ“ˆ ~400 Apps Now Staking on @POKTnetwork
ğŸ“ˆ @graphprotocol Processed 25B Queries In May (Editor's Note: WOW)

Source: @OurNetwork__"
114,2021-06-16 19:44:30+00:00,"mistX is currently accounting for 65% of the #FlashDEX transactions flowing through #Flashbots. $MIST #mistX @_alchemistcoin 

https://t.co/iKrc8y7DfA"
115,2021-06-14 13:31:11+00:00,"94% on my University thesis on hitting sick arbitrage trades on #DeFi âœ…

Issa good day. 

Shoutout to the guys at #Flashbots for their research ğŸ¤ https://t.co/XHLWULkRp8"
116,2021-06-11 04:41:07+00:00,Just two weeks from https://t.co/3ErQ5bu9ms launch and already almost $50m in MEV protected transaction volume. #flashbots $MIST @_alchemistcoin https://t.co/RL6CXdihp7
117,2021-06-10 16:57:38+00:00,"#Flashbots is the market leader (84% $ETH hash rate). It connects MEV bots directly to miners. 

@Keeper_DAO @secret_swap @bloXrouteLabs @archer_swap and @_alchemistcoin offer private networks and reimburse transactions that have MEV with profits from their bots. https://t.co/txZUB2Vsy5"
118,2021-06-09 21:56:34+00:00,#Flashbots discord is a hopeless rabbit hole and a meta alpha aggregator...ğŸ¤¯
119,2021-06-09 16:45:44+00:00,"@_alchemistcoin @thegostep @Fiskantes @phildaian @_charlienoyes @gakonst @EdgarArout @Dire_0x @tzhen @bertcmiller @NathanWorsley_ @donvincenz0 @ju1ce_0x @ZiggyCoinDust #flashbots #mist 

When you can't code but want to contribute to badass projects.... #FlashMERCH #AlcheMERCH https://t.co/QCGvDYw2gJ"
120,2021-06-08 17:15:48+00:00,@_alchemistcoin is just getting going! Cheaper fees? Yes! Added liquidity via @SushiSwap? Yes! Going after more liquidity via the way @1inchNetwork does? Yes!! Check Chico Crypto give a quick update on his latest livestream! $mist #alchemist #alchemistcoin #flashbots https://t.co/xa0SfFpRcV
121,2021-06-05 18:26:40+00:00,".@0xtuba u r already part of the crew in a multiple clans and guilds in the MMORPG game of MEV, u just don't know it yetğŸ´â€â˜ ï¸

stay tuned for the #flashbots sci-fi âš¡ğŸ¤–ğŸ¤ https://t.co/ZcG23rA6UL"
122,2021-06-04 16:50:39+00:00,".âš¡ğŸ¤–â›ï¸ #flashbots v0.2 miner olympics for 
the most bundles included in a single block...
https://t.co/BfmxEnlfBG https://t.co/1asKjUWST9"
123,2021-06-02 19:06:04+00:00,"Novo video!

Criptomoeda Alchemist $MIST  by @thegostep 

A Primeira FlashDEX MistX - Exchange baseada em Flashbots

ExplicaÃ§Ã£o sobre #MEV e #FlashBots 

https://t.co/QHTFnfw22o"
124,2021-06-02 18:12:26+00:00,"Video novo gravado e jÃ¡ esta no forno... assunto #MEV #FLASHBOTS e $MIST... se nÃ£o der problema em 1 hora deve sair do forno, pronto para ser consumido."
125,2021-06-02 06:25:39+00:00,"Ever ran a transaction on the $ETH network that failed and had to pay #gasfees anyway? Do away with that. Use https://t.co/SwKZIOO9K4, the new #flashdex from @_alchemistcoin. It's an absolute ripper! #etherium #uniswap #flashbots #DEX #mistX #crypto"
126,2021-06-01 21:49:53+00:00,"How mistX uses Flashbots bundles to provide frontrunning protection by @hasufl 
$mist âš—ï¸ #Flashbots âš¡ï¸ğŸ¤–

https://t.co/PfsFgt3Gl7"
127,2021-06-01 21:28:52+00:00,"A great overview of how #mistX uses #Flashbots to protect trades from MEV. @_alchemistcoin $MIST
https://t.co/0fwjyMKsKj"
128,2021-06-01 14:35:30+00:00,"@VitalikButerin seems interested in what the #flashbots team is doing. ğŸ¤”

MEV will be a huge narrative. 

$mist @_alchemistcoin 

https://t.co/4ijvpAPcsM

Prevent frontrunning and sandwich attacks + only pay for transactions that are successful. (doesn't charge for failed txs) https://t.co/mfFQNgywsQ"
129,2021-05-30 09:50:31+00:00,Low gas prices on #Ethereum make even your pocket money sized  #uniswap transactions be targeted by #frontrun bots. Here is how to avoid being robbed: https://t.co/KMMWqwh17y $mist #mistX @_alchemistcoin #flashbots $uni $eth #defi
130,2021-05-29 03:07:06+00:00,"Acabei de fazer um trade na https://t.co/Vg6rwsdMHy  ğŸ‘€ NOSSA... comprei mais $MIST ... essa DEX eh inovadora!! Voce faz um trade sem pagar GAS, ela por trÃ¡s usa Uniswap, porem a transaÃ§Ã£o eh feita atravÃ©s de #FLASHBOTS e somente com uma assinatura. A taxa de trade eh embutida."
131,2021-05-28 23:39:18+00:00,"Realized volatility in the past few days has not been so low as to justify the gas in the range of 30 (even sub-30 Gwei) almost all day...ğŸ¤”

...there is something fundamentally different happening in the gas pricing dynamics...

#flashbots effect?! âš¡ï¸ğŸ¤–"
132,2021-05-28 21:56:24+00:00,(2/7) @_alchemistcoin $mist $mistX #alchemist #alchemistcoin #flashbots https://t.co/uGTE11tNnp
133,2021-05-28 21:53:01+00:00,(1/7) @_alchemistcoin might just be the most revolutionary project in the crypto space! Shout out to Chico Crypto (@LeaksBlockchain) for being the first influencer to bring this project attention! @thegostep &amp; team are geniuses! $mist $mistX #alchemist #alchemistcoin #flashbots https://t.co/rqJVv84Ahu
134,2021-05-28 19:35:01+00:00,#flashbots stewards can learn from the @gitcoin stewardship program ğŸ¤–âš¡ğŸ´â€â˜ ï¸ https://t.co/GhPLumeMoO https://t.co/rJegRVlLwd
135,2021-05-27 23:23:28+00:00,Gas has been curiously low since #flashbots v0.2 was released ğŸ¤—  Coincidence?  I think not... $eth #ethereum https://t.co/UFHPm818n1 https://t.co/ipl81cnN9z
136,2021-05-27 12:36:00+00:00,"mistX IS the cheapest solution for front-run and cancel protection rn.

Iykyk ğŸ’âš—ï¸

I don't even have to shill this, mando just doing ya a favor. 

#FlashDEX #Flashbots #MEV $MIST"
137,2021-05-26 17:40:47+00:00,"Who built thisâš¡ï¸ğŸ¤–Flashbots Bundle Explorer???

Such a well-designed handy tool for #flashbots v0.2, showcasing the number and details of multiple bundles in each ""flashblock"": 

https://t.co/Bf9aBFBv2y https://t.co/SknU3RoVRR"
138,2021-05-26 15:00:00+00:00,"Flashbots v0.2 is now out with bundle merging! 

As one of the early pools to support #Flashbots, we are proud supporters of this new product to encourage all stakeholders in mutually benefitting from equitable transaction inclusion! https://t.co/E5NUXcixOV"
139,2021-05-26 14:59:57+00:00,MEV is one of the hottest trends right now in the #DeFi space &amp; #Flashbots v0.2 came out this week. This means multiple bundles per block is now possible for miners connected to Flashbots. Learn more here: https://t.co/P4Q0QGxmb4 ğŸ¤–âš¡ï¸
140,2021-05-26 08:07:58+00:00,"Teacher &amp; disciple
#flashbots $mist @_alchemistcoin
@Dire_0x  @bad_boy_ri_ri https://t.co/CXN6ltup9k"
141,2021-05-25 14:00:00+00:00,"In todayâ€™s #PoW Round-Up, we cover:

#Flashbots bundle merging
One of the largest #Bitcoin difficulty adjustments

Plus news from @Ravencoin, @firoorg, @Dashpay, @beamprivacy, and @HNS.

https://t.co/Oejhmcjukw"
142,2021-05-25 00:35:58+00:00,"Pretty much. @thegostep @Fiskantes #Flashbots
$mist âš—ï¸âš¡ï¸ğŸ¤– https://t.co/1014ysxTJ3"
143,2021-05-24 23:29:45+00:00,"This is big... miners being able to include multiple bundles per block means #Flashbots utility just 100x.

Also means I need to speed up Project X ğŸ‘€ https://t.co/s8K6Q3OMni"
144,2021-05-24 23:16:41+00:00,"The first #flashbots v0.2 block has been mined.

This is a great ELI5 thread on the major feature in our latest v0.2 release: bundle mergingâš¡ğŸ¤–

Find out more: https://t.co/5kPUtYxuMn
(@drakefjustin does this count as a websiteğŸ¤”) https://t.co/0sVEyrLvwn https://t.co/iGV96mupeT"
145,2021-05-20 17:49:36+00:00,"âš¡ï¸ğŸ¤– #flashbots v0.2 coming with an improved bundle scoring and bundle merging so even more MEV will be executed in a fair way. Check out the latest specs at https://t.co/ec0OrHEabb
In the meantime #flashbots are cutting through the waves of EIP-1559."
146,2021-05-18 21:19:02+00:00,ğŸ‘€ ğŸ¤–v0.2 #flashbots
147,2021-05-18 20:17:55+00:00,"the only bright moment in a week is the #flashbots brainstorming sessions

weekly flashback to the good old days of fluid and no bullshit discussion that is actually productive, genuine and pleasant"
148,2021-05-18 11:13:28+00:00,"Mad Alchemist
#flashbots #MEV
#DeFi #NFT $mist https://t.co/vYcNpql8al"
149,2021-05-16 09:35:41+00:00,"Flashbots vs mev ğŸ˜„
@thegostep @Crypto_Daily
#flashbots #MEV
#DeFi https://t.co/QOBDlD3gYD"
150,2021-05-16 01:51:22+00:00,"#Flashbots and projects like Zeneth will give everyone superpowers ğŸš€

https://t.co/bjrLkCQxur"
151,2021-05-15 20:08:34+00:00,just solved #flashbots MMORPG https://t.co/ICvM95UE1U
152,2021-05-15 13:38:24+00:00,Thread from the early days of #flashbots ideation (before it was called that). Canâ€™t believe how quickly this became a reality! https://t.co/5KoIhx5nOf
153,2021-05-14 22:27:16+00:00,This is such a cool feature that I'd be surprised if every wallet doesn't integrate this natively in the near future. #flashbots https://t.co/RuERQnB6Kd
154,2021-05-13 22:59:05+00:00,"6/ @fiiiu_  is one of those guys who understands how the universe works a little better than most. Before sailing among #flashbots and being the lead researcher at @OpenZeppelin, Alejo was deep in quantum physics."
155,2021-05-13 21:08:30+00:00,"$MIST: No dev team. No road map. Unlimited potential! #flashbots 

@LeaksBlockchain - i feel honored to see my gif in your video https://t.co/3KVRSTnlvH"
156,2021-05-13 18:19:04+00:00,"April #Flashbots transparency report covers:

- 1430% month-on-month growth in bundles that landed on chain
- Major release Flashbots v0.2
- Mining pools mining Flashbots bundles that constitute 84% ethereum hashrate
- War of the Bots
- Bandits of Ethereumâ€™s Uncles
...
ğŸ‘‡ğŸ‘‡ğŸ‘‡ https://t.co/kNErwGnXvc"
157,2021-05-13 16:51:54+00:00,"You can still join us on @ETHGlobal #Scaling #Ethereum finale! @tkstanczak has just started presenting Ray TracingğŸ”›

@ETHGlobal #TheMerge #Flashbots

Go to https://t.co/0kG880PmH9 https://t.co/DK1W7Mmr7H"
158,2021-05-13 15:58:36+00:00,"#Flashbots Community Call happening NOW:
- Release of Flashbots Transparency Dashboard, 
- Flashbots Alpha v0.2
- Flashbots Research: MEV on ETH2!

Agenda: https://t.co/3FpwNpAmH2
Dial-in: https://t.co/4Jxc47soPR https://t.co/yJNFmxRubt"
159,2021-05-13 09:52:54+00:00,"Is this the future of MEV post #TheMergeğŸŒ“?
@nethermindeth ğŸ¤@LidoFinance ğŸ¤#flashbots âš¡ï¸ğŸ¤–
Ray Tracing, an @ETHGlobal Scaling Ethereum hackathon finalist.
https://t.co/h4QeYlsTPB"
160,2021-05-13 06:15:44+00:00,"A lot of intensive work had gone into it, we're proud and happy to hack with @nethermindeth and #flashbots on that https://t.co/GX7H99dSP1"
161,2021-05-13 05:51:41+00:00,"Check out @ETHGlobal finalist ""Ray Tracing"" 

when research meets hackathon: the poetic fluid collab on prototyping the future of MEV post the Merge https://t.co/JLgiaPDud3 

h/t to @nethermindeth @LidoFinance and #flashbots involved in making it happen so fastâš¡ï¸ https://t.co/jFer3BVyjW https://t.co/eipzq98uKF"
162,2021-05-12 16:09:23+00:00,"Not all #MEV is the same. Why do we support #Flashbots MEV?  

Today @danhwang88 shared an article to explain Flashbots, Miner Extracted Value, and how we can incentivize good behavior benefitting the overall ecosystem.

https://t.co/U1EmIfvKqG"
163,2021-05-11 22:54:23+00:00,"ğŸ§  collective org design iteration irl

first #flashbots retro session on the past 9 months since inception hosted by âš“ sailing master ğŸ´â€â˜ ï¸

ğŸš¨ what to STOP
â›½ what to CONTINUE
ğŸ›¸ what to START https://t.co/ALZDzjryab"
164,2021-05-10 20:54:40+00:00,"can someone plz ask #flashbots to turn down the gas prices again, thx ğŸ™ https://t.co/h40mFqkX10"
165,2021-05-10 14:34:40+00:00,"what #flashbots crew hangout irl feels like:

meeting the brilliant minds hidden behind the always-online multi-timezone masquerade of aliens, anime and bots"
166,2021-05-10 11:16:16+00:00,"@aronvanammers @OpenEthereumOrg @URozmej And he has been working on it with Jackie Liu, our intern (because that is the kind of cool stuff that you do at internships at Nethermind).

We have also worked on something to show you with @LidoFinance and #flashbots. Stay tuned."
167,2021-05-10 11:14:13+00:00,@aronvanammers @OpenEthereumOrg @URozmej has been working on adding MEV to Nethermind over the last two weeks. What is more exciting -&gt; he combined it with Rayonism so we have a prototype of the #flashbots MEV for Eth2 that you will be able to play with soon. https://t.co/QW4bAyYD4n
168,2021-05-10 09:57:34+00:00,"Has the introduction of mev-geth led to a drop in #Ethereum client diversity (among miners)? Apparently 60-80% of hashrate now runs mev-geth.

wen mev-@OpenEthereumOrg, mev-@nethermindeth?

#MEV #flashbots"
169,2021-05-07 16:01:27+00:00,"Join us for #Flashbots Community Call next Thursday, May 13 at 9am PT:

- Multi-stage release of v0.2 (w/ breaking changes)
- Flashbots Transparency Dashboard v0 (reviewer needed)
- ETH2 MEV research + ETH2 prototype
- MEV-SGX spec
- Research-a-thon &amp; https://t.co/pdBccHWG67 plan https://t.co/veGEBsPwH1"
170,2021-05-06 01:50:21+00:00,"1/ ğŸ”¥ Projects &amp; people in consideration for funding from Moloch DAO ğŸ”¥

We have three potential research guilds:
#Flashbots
@EthCatHerders 
@DeathGuild666"
171,2021-05-05 13:01:36+00:00,"Last week we held our Liquidity Drop Bootstrapping event with a novel approach utilizing #flashbots on a @BalancerLabs pool!
Learn more on how we successfully prevented back-running MEV bots from spoiling the fun.
https://t.co/wjKgBNnaM6"
172,2021-05-04 17:34:39+00:00,"Itâ€™s strange to me that public opinion on #flashbots seems mostly positive, since it seeks to normalize this idea that it is fair and just to reorder txns and siphon value from DeFi users https://t.co/amNERiQqwR"
173,2021-05-04 16:54:24+00:00,"My take on $MIST #UniV3 #MEV #Flashbots and #GasslessDex

All opinions stated are purely speculative - should always conduct your own research to come up with final conclusions. 

See thread below 
ğŸ‘‡"
174,2021-05-02 10:35:22+00:00,"$MIST is an entirely new way to approach both yield farming AND the community governance that makes it possible.

#flashbots #MEV ğŸ¦¸ğŸ¼â€â™‚ï¸
á´„á´€á´…á´‡á´€á´œ á´‡É´á´›Ê€á´€É´á´›?! https://t.co/Ah0qW5WTwW"
175,2021-04-30 23:43:11+00:00,"Healthy retracement on @_alchemistcoin âš—ï¸

The guy whoâ€™s literally behind these insanely low #ETH gas fees (@thegostep #FLASHBOTS) has a crypto religion growing secretly with no plan.

Read between the lines. Full send ğŸš€

$MIST âš—ï¸ $ETH $UNI $VISR
$AMPL ğŸ•‘ $FORTH"
176,2021-04-30 19:25:15+00:00,"Issue #69 of @OurNetwork__ just dropped, featuring on-chain analysis from the top projects in #Web3 ğŸš€

Highlights:
ğŸ“ˆ @graphprotocol: 600m+ daily queries
ğŸ“ˆ #Flashbots: miners have earned $24m to date
ğŸ“ˆ @numerai: stakers earning ~190% APY
ğŸ“ˆ @0xPolygon tx count now matches $ETH https://t.co/rMKWd0uZPm"
177,2021-04-28 20:32:25+00:00,(2/2) @_alchemistcoin + #Flashbots = ğŸ¤ @paradigm #Alchemist #AlchemistCoin #paradigm #crypto #eth $mist https://t.co/T9OcQOmdfA
178,2021-04-28 20:31:14+00:00,"(1/2) @_alchemistcoin + #Flashbots = ğŸ¤ The riddle has been figured out, the puzzle has been solved!! Chico Crypto connecting the dots once again!! Flashbots coin is the $mist token!! @paradigm is a backer of the Flashbot team!! #Alchemist #AlchemistCoin #paradigm #crypto #eth https://t.co/JbRTpUgfaG"
179,2021-04-28 13:37:03+00:00,"Hello #Oiler's
Our team have been busy building @OilerNetwork - the blockchain native #derivatives platform. Here is an article from @tkstanczak that explains why our team are paying close attention to #MEV and #Flashbots. ğŸ›¢ï¸ğŸ›¢ï¸ğŸ›¢ï¸https://t.co/ezEgfIHDsq"
180,2021-04-28 13:02:49+00:00,"â€œCoincidence of Wantsâ€ (Alice sells ETH for DAI, Bob sells DAI for ETH) match directly. Any excess is settled in the same tx with the best available AMM. The tx is sent by professional â€œsolversâ€ which set tight slippage bounds and can use tools like #flashbots to avoid being ğŸ¥ª https://t.co/x8MiqoqlmG"
181,2021-04-28 12:59:04+00:00,"#MEV Explore by #Flashbots âš¡ï¸ğŸ¤–

https://t.co/JLoOV4gYiC"
182,2021-04-28 12:47:49+00:00,"#Flashbots â€“ The Good, Bad and the Ugly of #MEV w/ @phildaian &amp; @thegostep 

https://t.co/J26ba1b3P2 https://t.co/qYVsi8iV91"
183,2021-04-28 11:47:21+00:00,"ğŸš€NEW EPISODE ğŸš€
This week we are joined by Stephane @thegostep and Phil @phildaian, two of the brains behind #flashbots!, the research and development company focused on MEV â¬‡ï¸
https://t.co/Vu1QRCNj6n https://t.co/aeRMHWyDPq"
184,2021-04-27 00:37:12+00:00,"Noticed those gas fees dropping off a cliff?  It might have a little something to do with increased adoption of #Flashbots over traditional PGAs.. which just so happens to have a little something to do with $MIST

A lot more than meets the eye with this project...  

#MIST #UNIV3"
185,2021-04-24 19:35:08+00:00,(1/5) @_alchemistcoin + @AmpleforthOrg + @Uniswap + #flashbots + SO MUCH MORE!! Watch these clips from Chico Cryptos (@LeaksBlockchain) latest live stream! One of the biggest projects of 2021!! A little over 1 million supply!! $mist $forth #alchemist #alchemistcoin  #uniswap #mev https://t.co/pTOwrHTjdd
186,2021-04-24 19:10:39+00:00,"Design #Flashbots the org as a sandbox MMORPG for every type of players (humans w/ their botsâš¡ï¸ğŸ¤–):

ferocious pvp killers, 
challenge achievers,
social players,
quest explorers? https://t.co/UylHbSnY4H"
187,2021-04-24 16:54:19+00:00,Nature is healing... #Flashbots #MEV https://t.co/ckHFQm1iOd
188,2021-04-23 19:50:09+00:00,Been diving into the early #Flashbots data and *good lordy* $ETH miners just got gifted an incredible new source of revenue. ~5% extra revenue per block and that figure is only going to continue climbing. Few understand how profound an impact this has on $ETH's security budget ğŸ¤¯
189,2021-04-22 09:48:52+00:00,"MEV after The Merge with @nethermindeth &amp; #Flashbots - FRI, April 23rd @ 20:00 UTC

Tune in to catch this interesting talk by @ObadiaAlex &amp; @tkstanczak where they will talk about Flashbots in Eth1-Eth2 âš¡ï¸ğŸ¤–

@ETHGlobal Scaling #Ethereum https://t.co/rfEYJxntIq  schedule ğŸ‘‡"
190,2021-04-21 21:26:57+00:00,"Huge shout out to the #Flashbots team for their amazing work â€” we're super excited to partner in the future &amp; build more products in this space ğŸš€

Special thanks to @bertcmiller for the thorough investigations and initial write up: https://t.co/JWmaPwMfbj"
191,2021-04-21 21:26:57+00:00,"Last week the #Flashbots and Alchemy team uncovered a novel instance of MEV, quite possibly the first of its kind. Read on to hear the full story: 

https://t.co/pF7ahL0Ewv"
192,2021-04-20 15:01:45+00:00,"My team and I rescued $7k with #Flashbots. Typical crypto-nerd Medium narrative here:
https://t.co/vULVAGtsDh"
193,2021-04-18 22:26:02+00:00,"My favorite crypto projects of the week:
@ethereum all the way baby, ultrasound money with an insane roadmap in the upcoming months. huge scaling announcements from @zksync on zkPorter earlier this week. #flashbots are paving the way for lower gas costs

https://t.co/TNMKEHHnT2"
194,2021-04-18 06:11:35+00:00,"I am a fan of @AndreCronjeTech however I beg to differ:

#Flashbots has the luck of attracting a community of founder level talents WITHOUT A TOKEN in this noisy bull market.

Each day I wake up (or skip sleep) excited to work on the mission critical MEV problem w/ THE AVENGERS. https://t.co/LPQge6g9Zs https://t.co/dQFy17eZD1"
195,2021-04-15 16:22:10+00:00,"Happening now: sneak peek preview of
#Flashbots Transparency Dashboard

on âš¡ï¸ğŸ¤–Flashbots Community Call #2 https://t.co/h5voLq60YN"
196,2021-04-14 10:13:30+00:00,"#Flashbots MEV-Relay directly connects miners to bots to reduce bidding wars @thegostep @phildaian @tzhen @epheph @ObadiaAlex @fiiiu_ @jparyani @tkstanczak @bertcmiller @EdgarArout @taarushv @LukeYoungblood @RyRy79261 @akash_khosla @onewayfunction @suryabakshi @kafka2046

6/11"
197,2021-04-13 03:16:45+00:00,New #flashbots report is out. Gas is lower again. Related? https://t.co/IDo485HMCo
198,2021-04-13 00:06:40+00:00,"There we go: 
#Flashbots March Transparency Report

everything you wanna know 
about Flashbots Alpha.

https://t.co/oxznWYuB9p"
199,2021-04-12 07:45:36+00:00,"To give you an idea of just how bananas we are at @DefiantNews we translated @danrobinson Dark Forest article into Azerbaijani to give it a euro horror vibe. 

Yes. 

I mean, who does that?

https://t.co/btwgpAnaYh

#flashbots #defi"
200,2021-04-12 04:11:38+00:00,"gas price dynamics is a complex topic deserve rigorous research. 

in addition to #flashbots adoption, accurate gas price infra based on pending tx i.e. https://t.co/HkCKGnOpEo may have also fed into the positive feedback loop for reducing gas price @hasufl @Leorzhang https://t.co/s8iO5m76je"
201,2021-04-11 14:20:11+00:00,On an actual vacation for the 2nd time in four years -- never have I been so happy to miss low gas prices. $eth #flashbots https://t.co/vHHs9nHcZT
202,2021-04-10 01:01:49+00:00,"ğŸ‘€ 

ğŸš‚ âœˆï¸ ğŸš™ ğŸš¤ 

$MIST #FlashBots https://t.co/nhjLYAmqkh"
203,2021-04-09 18:46:24+00:00,"Huge hat tip to #flashbots and @danrobinson for the amazing #darkforest article. Hope we did it justice first @DefiantNews 

https://t.co/btwgpAnaYh"
204,2021-04-08 17:54:21+00:00,"What a beautiful piece â¤ï¸ v compassionate how @phildaian engages ğŸ‘

MEV deteriorates blockchain security @lzhou1110 @KaihuaQIN quantify in an S&amp;P'21 paper https://t.co/fJbiAM2pOR #Flashbots is aware of. Centralized MEV auctions make this worse ğŸ‘

Don't give up on cleaner ways.. https://t.co/PNQxUihQm0"
205,2021-04-08 11:57:39+00:00,"Good read! 

#cryptocurrency #flashbots #AMM #Dex #trading #crypto #ethereum https://t.co/WN5b5I6DW4"
206,2021-04-08 01:21:11+00:00,"Phil's slides cuts into the heart and soul of why MEV is fundamental to permissionless system. 
(Is this what triggered Prof. Ari Juels today?)

#Flashbots is a research collective, we respect our researcher @phildaian for sharing his independent view. https://t.co/H00S0jfpYO https://t.co/YEAyK6DxYS"
207,2021-04-08 00:09:06+00:00,"I ğŸ’• love seeing our monthly #Flashbots Transparency Report (coming this week!) getting front-runned by diligent community members who care to DYOR! 

Note: currently 10 pools are receiving flashbots tx bundles (55% of ethereum hashrate), some are still in testing phase. https://t.co/vJY6NztnCa"
208,2021-04-07 23:48:32+00:00,"#flashbots daily miner payments have grown by an order of magnitude over last few weeks

4 new mining pools using mev-geth since the last transparency report, up to ~35% of total ethereum hashrate by my count https://t.co/FpJgJbLs56"
209,2021-04-07 22:47:32+00:00,@AriJuels's argument is that FaaS and MEVA are bad because the issues around MEV need to be researched and fixed rather than made more transparent through an auction system. In this thread I'll outline why this is a bad approach for Ethereum and why #flashbots is important. https://t.co/naNrlNQyTN
210,2021-04-07 19:56:54+00:00,"@CoinDesk @AriJuels @ittayeyal @_mahimna @Cornell @initc3org @TechnionLive @ObadiaAlex Chainlink Fair Sequencing Services fixes Miner Extractable Value front-running

$LINK #MEV #FlashBots #AMM https://t.co/CQlz3zMBbM"
211,2021-04-07 19:55:21+00:00,"Chainlink Fair Sequencing Services fixes Miner Extractable Value front-running

$LINK #MEV #FlashBots #AMM $UNI https://t.co/qsDiPL1R06 https://t.co/rMpEEsZ177"
212,2021-04-07 19:04:02+00:00,"There's a simple word for projects that seek to advantage miners while systematically exploiting blockchain users, say @AriJuels @ittayeyal @_mahimna. 

@Cornell @initc3org @TechnionLive

#ethereum #flashbots @ObadiaAlex 

https://t.co/tr5w4vbBID"
213,2021-04-02 22:16:56+00:00,"6/ A lively discussion b/t @phildaian @VitalikButerin @AFDudley0 @adietrichs @nanexcool  exploring various approaches for account abstraction on Ethereum: #flashbots &amp; EIP-2938/EIP-3074.
- GitHub Issue: https://t.co/HDkZ0I0tml

Video: https://t.co/6fahy8zFMe
(Timestamp: 01:57:48) https://t.co/DIm7vG2ZBA"
214,2021-04-02 15:15:36+00:00,"â¿Video recap &amp; slides of last week's #MEVRoast (the Blockspace Bazaar: Past, Present &amp; Future) is now posted on #flashbots github:
https://t.co/kwVx0gAkQC

ğŸ”¥co-hosted by Roast Master @VitalikButerin 

ğŸ…Easter Egg: yes, our chaordic MEV Roast got hilariously zoom bombed for 10s"
215,2021-04-01 20:03:16+00:00,"not a joke - I joined the #flashbots team! 

really the most logical step for me - now I can share more of my advantages/techniques/geth hacks and directly help shape the future of MEV + the talent in the flashbots world is insane - people at 5D chess

https://t.co/95sUAA4lt3"
216,2021-03-31 02:07:30+00:00,"Super cool white hat tooling w/ UI
https://t.co/khdSedJLeQ

built by a white hat magician from #Flashbots community @kendrick_tn

https://t.co/v31PVVXKU5"
217,2021-03-30 17:13:46+00:00,"Some miner is feeling ğŸ€„ï¸luckyğŸ… today:

ğŸ¤¯101.112 ETH paid to miner as tips
âš¡ï¸via one single #Flashbots tx bundle

Open &amp; fair market competition via Flashbots sealed-bid auction, is a miner'sğŸ¦¸â€â™€ï¸GodmodeğŸ§™for MEV-search. https://t.co/zWYsP0Go8W https://t.co/7XDSGXYGPm"
218,2021-03-26 20:20:11+00:00,"Executed white hat pager duty w/ brute force
ğŸ“¨ spamming all direct private communication
to wake up a nomadic Pi-rate @LSDan_DeFi ğŸ´â€â˜ ï¸ 

Look forward to #Flashbots hackathons w/ weekend warriors to create contracts/tooling to automate/empower community ğŸ¤ white hat magiciansâš¡ğŸ¤– https://t.co/P7cQu84PF2 https://t.co/kUvgYzQBkA"
219,2021-03-25 12:57:44+00:00,"Inclusion transactions care about censorship resistance

Priority transactions care about position

@POKTnetwork is a middleware for the mempool which guarantees censorship resistance

#flashbots is a middleware for the mempool which guarantees priority positions

few."
220,2021-03-25 12:49:19+00:00,"can't seem to update this number fast enough these days with our hockey stick growth ğŸ’ ğŸ’¹

#flashbots MEV-geth is averaging 0.19ETH (+46%) per block additional revenue for miners already...

@SpiderPool_com distributes 100% MEV profit to miners. welcome onboard âš“ğŸ´â€â˜ ï¸ğŸ¦œ https://t.co/b6mGTW017b"
221,2021-03-19 23:48:43+00:00,"#Flashbots is your ""Portal"" in the Dark Forest. https://t.co/NtDI2zMcIU https://t.co/bTBn5sp5lT"
222,2021-03-19 17:31:54+00:00,Checkout my insights on the growth and utility of #Flashbots in this week's @OurNetwork__ ğŸ“ˆ https://t.co/i9s2HeIJYU
223,2021-03-19 17:26:18+00:00,"ğŸš€ @OurNetwork__ #63 just dropped

ğŸ“ˆ -- get the download on emerging networks across #NFTs #DeFi and #infra

âš¡ï¸ #Flashbots
ğŸ’¸ @reflexerfinance 
ğŸŒŠ @opensea 
ğŸ‘¾ #CryptoPunks

ğŸ‘¥ @ArtGeebz @bertcmiller @stefan__ionescu and @visavishesh (bounty winner ğŸ’°)
 https://t.co/ZHsYjD3UYi"
224,2021-03-18 18:30:14+00:00,"Announcing this week's @OurNetwork__ lineup ğŸš€

ğŸ«‚ #cryptopunks
ğŸŒŠ @opensea 
âš¡ï¸ #flashbots
ğŸ’¸ @reflexerfinance 

Analysis from @ArtGeebz @bertcmiller @stefan__ionescu 

Subscribe: https://t.co/AbXyIypXls"
225,2021-03-17 19:57:33+00:00,"Thrilled to announce #FlashBots will be covered in this week's @OurNetwork__ 

Start diving into MEV data right now with this dashboard ğŸ‘‡ğŸ»ğŸ‘‡ğŸ»
https://t.co/duvsYOsM4j

Sign up for the newsletter: https://t.co/Y0c1Jiwb2L"
